title,link,source
Poll: Black Americans Want Democrats To Defend DEI Attacks,https://www.blackenterprise.com/poll-black-americans-want-democrats-to-defend-dei-attacks/,www.blackenterprise.com
"Joe Biden Takes Another Crack At The Presidency, Announces His Bid For 2024 Reelection",https://www.blackenterprise.com/joe-biden-announces-bid-for-2024-reelection/,www.blackenterprise.com
Carmen Cummings-Martin Is New Chief Of Staff At FAMU,https://www.blackenterprise.com/carmen-martin-chief-of-staff-famu/,www.blackenterprise.com
Diamond In The Rough: Man Arrested After Swallowing Tiffany & Co. Jewels In Daring Heist,https://www.blackenterprise.com/robs-tiffany-co-orlando-magic-agent/,www.blackenterprise.com
An Inaugural Night of Sexual Healing: Honey Pot Debuts New Sexual Wellness Collection,https://www.blackenterprise.com/an-inaugural-night-of-sexual-healing-honey-pot-debuts-new-sexual-wellness-collection-and-more/,www.blackenterprise.com
BE Smart Hackathon 2025,https://www.blackenterprise.com/event/be-smart-hackathon-2025/,www.blackenterprise.com
HBCU Saint Augustine’s University Loses Accreditation Appeal,https://www.blackenterprise.com/hbcu-saint-augustines-university-loses-accreditation-appeal/,www.blackenterprise.com
Black-Owned Baltimore Bookstore Targeted By Racist Harassment,https://www.blackenterprise.com/urban-reads-bookstore-faces-racial-harassment/,www.blackenterprise.com
Women Of Power Summit 2025,https://www.blackenterprise.com/event/women-of-power-summit-2025/,www.blackenterprise.com
An Open Letter To Washington Redskins Owner Daniel Snyder,https://www.blackenterprise.com/open-letter-nfl-team-owner-daniel-snyder/,www.blackenterprise.com
Steph Curry’s New Office Headquarters ‘Cements’ His Commitment To San Francisco,https://www.blackenterprise.com/steph-curry-headquarters-san-francisco/,www.blackenterprise.com
Saquon Barkley Becomes NFL’s Highest-Paid Running Back After Signing With Philadelphia Eagles,https://www.blackenterprise.com/saquon-barkley-highest-paid-running-back-eagles/,www.blackenterprise.com
Study: Black Women Should Be Screened For Breast Cancer At Age 40,https://www.blackenterprise.com/study-suggests-black-women-should-be-screened-for-breast-cancer-at-age-40/,www.blackenterprise.com
Filmmaker Ezra Edelman Speaks Out Against Netflix’s Decision To Cancel Prince Documentary,https://www.blackenterprise.com/ezra-edelman-upset-netflix-nixxed-prince-documentary/,www.blackenterprise.com
NYPD Confirms Woman Knew Her Alleged Kidnapper After All,https://www.blackenterprise.com/nypd-confirm-woman-knew-her-alleged-kidnapper-after-all/,www.blackenterprise.com
Wendy Williams Calls For A$AP Rocky‘s Infamous Lawyer To Represent Her In Guardianship Case,https://www.blackenterprise.com/wendy-williams-calls-for-aap-rockys-infamous-lawyer-to-represent-her-in-guardianship-case/,www.blackenterprise.com
Black Men See Job Growth In February Amid Uncertain Economic Landscape,https://www.blackenterprise.com/unemployment-rate-falls-black-men-februrary/,www.blackenterprise.com
Stephen A. Smith Fires Back After LeBron James Confrontation,https://www.blackenterprise.com/stephen-a-smith-lebron-james-confrontation/,www.blackenterprise.com
"Students Request ‘Angel Of Greenwood’ After Tulsa Massacre Book Rejected, Receive Free Copies From Author",https://www.blackenterprise.com/angel-greenwood-book-curriculum-rejected-tulsa/,www.blackenterprise.com
"Cardi B Wins Big, But Waits Big: Tasha K’s $1.2M Delivery? Think Amazon Prime, But, Like, Five Years",https://www.blackenterprise.com/cardi-b-1-2m-tasha-k-payment-plan-bankruptcy/,www.blackenterprise.com
Back-to-School: CFPB Works to Protect Student Veterans,https://www.blackenterprise.com/cfpb-works-protect-student-veterans/,www.blackenterprise.com
Amazon Jumps On Board As Title Sponsor Of The Magic City Classic,https://www.blackenterprise.com/amazon-sponsor-alabamas-magic-city-classic/,www.blackenterprise.com
University Of Virginia Board Votes To Dismantle DEI Office,https://www.blackenterprise.com/university-virginia-board-dismantle-diversity-equity-inclusion/,www.blackenterprise.com
ICYMI: Day 2 Of The Women Of Power Summit Did Not Disappoint,https://www.blackenterprise.com/women-of-power-summit-kicks-off-day-2/,www.blackenterprise.com
Jimmy Butler Gifts NBA Hall Of Famer Spike Lee His Shirt After Warriors’ Win Over Knicks Right,https://www.blackenterprise.com/jimmy-butler-jersey-spike-lee/,www.blackenterprise.com
Black Men XCEL 2025,https://www.blackenterprise.com/event/black-men-xcel-2025/,www.blackenterprise.com
"Suge Knight’s Attempt To Overturn 28-Year Sentence Deemed ‘Not Sincere,’ Request Denied",https://www.blackenterprise.com/suge-knight-overturn-prison-sentence-denied/,www.blackenterprise.com
Florida Police Officers Claim Toddler Seen Lying Down In Viral Video ‘Mimicked’ Her Mother Being Arrested,https://www.blackenterprise.com/was-a-toddler-mimicking-her-mother-being-arrested-by-police/,www.blackenterprise.com
Exonerated Man Accuses Michigan Attorney General Of Retaliation By Seizing His Nonprofit,https://www.blackenterprise.com/michigan-ag-retaliating-against-detroit-nonprofit/,www.blackenterprise.com
"Accused Tupac Killer, Keffe D, Proclaims Innocence In First TV Interview Since Vegas Arrest",https://www.blackenterprise.com/keefe-d-proclaims-innocence-gma/,www.blackenterprise.com
Porsha Williams Treats Baby Pilar To Birthday Getaway In Costa Rica,https://www.blackenterprise.com/porsha-williams-treats-baby-pilar-to-a-birthday-getaway-in-costa-rica/,www.blackenterprise.com
Tesla Dealership Set On Fire In France By Anarchist Group Targeting Elon Musk,https://www.blackenterprise.com/anarchist-group-attacks-france-tesla-dealership-elon-musk/,www.blackenterprise.com
Rodeo Houston Celebrates Black Heritage Day With Event-Filled Weekend,https://www.blackenterprise.com/rodeo-houston-event-filled-weekend/,www.blackenterprise.com
Congressional Black Caucus Stands Behind Rep. Al Green After Censure,https://www.blackenterprise.com/congressional-black-caucus-rep-al-green-censure/,www.blackenterprise.com
Black Women Executives Talk Women-on-Women Bias in the Workplace,https://www.blackenterprise.com/black-women-executives-talk-women-on-women-bias-in-the-workplace/,www.blackenterprise.com
The Legendary ‘King of Calypso’ and Activist Harry Belafonte Dies at 96,https://www.blackenterprise.com/the-legendary-king-of-calypso-and-activist-harry-belafonte-at-96/,www.blackenterprise.com
Consumer Tip of the Day: Free Car Seat Inspections in November,https://www.blackenterprise.com/consumer-affairs/,www.blackenterprise.com
Lifestyle,https://thegrio.com/category/lifestyle/,thegrio.com
D’Wayne Wiggins of Tony! Toni! Toné! is dead at 64,https://thegrio.com/2025/03/07/dwayne-wiggins-of-tony-toni-tone-is-dead-at-64/,thegrio.com
Panama Jackson,https://thegrio.com/author/panama_jackson/,thegrio.com
VIEW ALL LIFESTYLE POSTS,https://thegrio.com/category/lifestyle/,thegrio.com
Music,https://thegrio.com/category/black-entertainment/music/,thegrio.com
Porsha Williams is returning to ‘The Real Housewives of Atlanta.’ How much do you know about the veteran housewife?,https://thegrio.com/2025/03/06/porsha-williams-is-returning-to-the-real-housewives-of-atlanta-how-much-do-you-know-about-the-veteran-housewife/,thegrio.com
"Warriors star Stephen Curry reaches 25,000 career points",https://thegrio.com/2025/03/09/warriors-star-stephen-curry-reaches-25000-career-points/,thegrio.com
"Netflix sets premiere date for teen rom-com series from Mara Brock Akil, ‘Forever’",https://thegrio.com/2025/03/05/netflix-sets-premiere-date-for-teen-rom-com-series-from-mara-brock-akil-forever/,thegrio.com
"LeBron James becomes first to score 50,000 combined points in NBA regular season and playoffs",https://thegrio.com/2025/03/05/lebron-james-becomes-first-to-score-50000-combined-points-in-nba-regular-season-and-playoffs/,thegrio.com
Federal judge reinstates labor board member Gwynne Wilcox fired by President Trump,https://thegrio.com/2025/03/07/federal-judge-reinstates-labor-board-member-gwynne-wilcox-fired-by-president-trump/,thegrio.com
Food Network star Kardea Brown thanks flight attendants for accommodating her ‘massive’ wedding dress on recent flight,https://thegrio.com/2025/03/07/food-network-star-kardea-brown-thanks-flight-attendants-for-accommodating-her-massive-wedding-dress-on-recent-flight/,thegrio.com
Entertainment,https://thegrio.com/category/black-entertainment/,thegrio.com
"Outfielder Lawrence Butler agrees to $65.5 million, 7-year deal with A’s, AP source says",https://thegrio.com/2025/03/07/outfielder-lawrence-butler-agrees-to-65-5-million-7-year-deal-with-as-ap-source-says/,thegrio.com
Part 2 of Tyler Perry’s ‘Beauty in Black’ is now streaming on Netflix,https://thegrio.com/2025/03/06/part-2-of-tyler-perrys-beauty-in-black-is-now-streaming-on-netflix/,thegrio.com
"‘Hamilton’ producers cancel Kennedy Center shows, following several other acts unhappy about the center’s new leadership",https://thegrio.com/2025/03/06/hamilton-producers-cancel-kennedy-center-shows-following-several-other-acts-unhappy-about-the-centers-new-leadership/,thegrio.com
Kenya Moore visits daughter’s classroom to share a lesson on beauty and breaking boundaries,https://thegrio.com/2025/03/07/kenya-moore-visits-daughters-classroom-to-share-a-lesson-on-beauty-and-breaking-boundaries/,thegrio.com
Gerren Keith Gaynor,https://thegrio.com/author/gerrengaynor/,thegrio.com
"From staff cuts to aid reductions, UN humanitarian agencies scramble in wake of US funding freeze",https://thegrio.com/2025/03/08/from-staff-cuts-to-aid-reductions-un-humanitarian-agencies-scramble-in-wake-of-us-funding-freeze/,thegrio.com
Politics,https://thegrio.com/category/politics/,thegrio.com
DC Mayor Muriel Bowser explains plans to remove Black Lives Matter street mural: ‘We have bigger fish to fry’,https://thegrio.com/2025/03/07/dc-mayor-muriel-bowser-explains-plans-to-remove-black-lives-matter-street-mural-we-have-bigger-fish-to-fry/,thegrio.com
Haniyah Philogene,https://thegrio.com/author/haniyah-philogene-2/,thegrio.com
Associated Press,https://thegrio.com/author/the-associated-press/,thegrio.com
‘Bloody Sunday’ 60th anniversary marked in Selma with remembrances and concerns about the future,https://thegrio.com/2025/03/09/bloody-sunday-60th-anniversary-marked-in-selma-with-remembrances-and-concerns-about-the-future/,thegrio.com
"Broadway’s ‘Wicked’ welcomes Lencia Kebede, its first pioneering full-time Black Elphaba",https://thegrio.com/2025/03/08/broadways-wicked-welcomes-lencia-kebede-its-first-pioneering-full-time-black-elphaba/,thegrio.com
10 spoiler-free thoughts and reactions to Hulu’s absolute must watch season 1 of ‘Paradise’,https://thegrio.com/2025/03/05/10-spoiler-free-thoughts-and-reactions-to-hulus-absolute-must-watch-season-1-of-paradise/,thegrio.com
VIEW ALL BUSINESS POSTS,https://thegrio.com/category/lifestyle/business/,thegrio.com
Learn More,https://thegrio.com/videos/mastersofthegame/,thegrio.com
Sports,https://thegrio.com/category/black-entertainment/sports/,thegrio.com
Television,https://thegrio.com/category/black-entertainment/television/,thegrio.com
"Baton Rouge police arrest one, pursue two more suspects in hazing death of Southern University student",https://thegrio.com/2025/03/07/baton-rouge-police-arrest-one-pursue-two-more-suspects-in-hazing-death-of-southern-university-student/,thegrio.com
News,https://thegrio.com/category/news/,thegrio.com
VIEW ALL ENTERTAINMENT POSTS,https://thegrio.com/category/black-entertainment/,thegrio.com
LeBron James confronts Stephen A. Smith courtside over Bronny comments—Smith’s response may surprise you,https://thegrio.com/2025/03/07/lebron-james-confronts-stephen-a-smith-courtside-over-bronny-comments-smiths-response-may-surprise-you/,thegrio.com
"60 years after ‘Bloody Sunday,’ leaders say voting rights and racial equality have declined",https://thegrio.com/2025/03/07/60-years-after-bloody-sunday-voting-rights-racial-equality-declined/,thegrio.com
"Top US health agency makes $25,000 buyout offer to most of its employees",https://thegrio.com/2025/03/09/top-us-health-agency-makes-25000-buyout-offer-to-most-of-its-employees/,thegrio.com
Kay Wicker,https://thegrio.com/author/kay-wicker/,thegrio.com
Privacy Policy,https://theblackwallsttimes.com/privacy-policy/,theblackwallsttimes.com
Health,https://theblackwallsttimes.com/category/health/,theblackwallsttimes.com
Media Inquiry,https://theblackwallsttimes.com/media-inquiries-page/,theblackwallsttimes.com
Submissions,https://theblackwallsttimes.com/submissions-policy-for-the-black-wall-street-times/,theblackwallsttimes.com
Trump tariffs: Will fresh produce be the next luxury item?,https://theblackwallsttimes.com/2025/03/07/trump-tariffs-will-fresh-produce-be-the-next-luxury-item/,theblackwallsttimes.com
Op-ed: Tulsa’s tech future depends on inclusive Computer Science education,https://theblackwallsttimes.com/2025/03/07/op-ed-tulsas-tech-future-depends-on-inclusive-computer-science-education/,theblackwallsttimes.com
Our Donors and Supporters,https://theblackwallsttimes.com/philanthropic-partners-and-donors/,theblackwallsttimes.com
Read More,https://theblackwallsttimes.com/2025/03/07/op-ed-tulsas-tech-future-depends-on-inclusive-computer-science-education/,theblackwallsttimes.com
Media Kit,https://theblackwallsttimes.com/advertise/,theblackwallsttimes.com
Publishing Policy,https://theblackwallsttimes.com/publishing-policies/,theblackwallsttimes.com
Oklahoma bill to ease college access for justice-involved goes to House floor,https://theblackwallsttimes.com/2025/03/05/oklahoma-bill-to-ease-college-access-for-justice-involved-goes-to-house-floor/,theblackwallsttimes.com
About,https://theblackwallsttimes.com/about/,theblackwallsttimes.com
Read More,https://theblackwallsttimes.com/2025/03/04/zoe-saldana-paul-tazewell-make-history-at-the-oscars/,theblackwallsttimes.com
Read More,https://theblackwallsttimes.com/2025/03/04/langston-university-joins-elite-ranks-as-a-2025-carnegie-research-college-and-university/,theblackwallsttimes.com
Read More,https://theblackwallsttimes.com/2025/03/05/target-stock-drops-17-as-fresh-wave-of-boycotts-begin/,theblackwallsttimes.com
Opinion,https://theblackwallsttimes.com/category/opinion/,theblackwallsttimes.com
FAQ,https://theblackwallsttimes.com/faq/,theblackwallsttimes.com
Target stock drops 17% as fresh wave of boycotts begin,https://theblackwallsttimes.com/2025/03/05/target-stock-drops-17-as-fresh-wave-of-boycotts-begin/,theblackwallsttimes.com
Read More,https://theblackwallsttimes.com/2025/03/06/senate-bill-186-hopes-to-help-with-oklahoma-teacher-shortage/,theblackwallsttimes.com
Hazel M. Johnson: The trailblazing mother of environmental justice,https://theblackwallsttimes.com/2025/03/07/hazel-m-johnson-the-trailblazing-mother-of-environmental-justice/,theblackwallsttimes.com
News,https://theblackwallsttimes.com/category/news/,theblackwallsttimes.com
Environment,https://theblackwallsttimes.com/category/environment/,theblackwallsttimes.com
Read More,https://theblackwallsttimes.com/2025/03/06/happy-pads-black-women-owned-brand-fights-toxins-in-menstrual-products/,theblackwallsttimes.com
Kamala Harris reportedly leaning toward run for California Governor,https://theblackwallsttimes.com/2025/03/07/kamala-harris-reportedly-leaning-toward-run-for-california-governor/,theblackwallsttimes.com
Tech,https://theblackwallsttimes.com/category/tech/,theblackwallsttimes.com
Read More,https://theblackwallsttimes.com/2025/03/07/trump-tariffs-will-fresh-produce-be-the-next-luxury-item/,theblackwallsttimes.com
Read More,https://theblackwallsttimes.com/2025/03/07/hazel-m-johnson-the-trailblazing-mother-of-environmental-justice/,theblackwallsttimes.com
Tulsa Mayor finalizes staff with Dr. Jabraan Pasha and Brentom Todd,https://theblackwallsttimes.com/2025/03/06/tulsa-mayor-finalizes-staff-with-dr-jabraan-pasha-and-brentom-todd/,theblackwallsttimes.com
Education,https://theblackwallsttimes.com/category/education/,theblackwallsttimes.com
"Zoe Saldaña, Paul Tazewell make history at the Oscars",https://theblackwallsttimes.com/2025/03/04/zoe-saldana-paul-tazewell-make-history-at-the-oscars/,theblackwallsttimes.com
Senate Bill 186 hopes to help with Oklahoma teacher shortage,https://theblackwallsttimes.com/2025/03/06/senate-bill-186-hopes-to-help-with-oklahoma-teacher-shortage/,theblackwallsttimes.com
Read More,https://theblackwallsttimes.com/2025/03/05/oklahoma-bill-to-ease-college-access-for-justice-involved-goes-to-house-floor/,theblackwallsttimes.com
Politics,https://theblackwallsttimes.com/category/politics/,theblackwallsttimes.com
Happy Pads: Black women-owned brand fights toxins in menstrual products,https://theblackwallsttimes.com/2025/03/06/happy-pads-black-women-owned-brand-fights-toxins-in-menstrual-products/,theblackwallsttimes.com
JUSTICE,https://theblackwallsttimes.com/category/justice/,theblackwallsttimes.com
Langston University joins elite ranks as a 2025 Carnegie Research College and University,https://theblackwallsttimes.com/2025/03/04/langston-university-joins-elite-ranks-as-a-2025-carnegie-research-college-and-university/,theblackwallsttimes.com
Read More,https://theblackwallsttimes.com/2025/03/06/tulsa-mayor-finalizes-staff-with-dr-jabraan-pasha-and-brentom-todd/,theblackwallsttimes.com
3,https://atlantablackstar.com/page/3/,atlantablackstar.com
‘Unbecoming of a Police Officer’: NYC SVU Detective Sparks Mixed Reactions` After Twerking and Pole-Dancing In Music Video,https://atlantablackstar.com/2025/03/07/new-york-city-svu-detective-twerks/,atlantablackstar.com
‘No Way!’: MAGA Critics Accuse Jasmine Crockett of ‘Race Baiting’ After She Says Donald Trump Could Bring Back Slavery and Is Trying to ‘Make Us Go Back to the Fields’,https://atlantablackstar.com/2025/03/07/maga-critics-accuse-jasmine-crockett-of-race-baiting-after-she-says-donald-trump-could-bring-back-slavery/,atlantablackstar.com
Copyright Policy,https://atlantablackstar.com/copyright-policy/,atlantablackstar.com
‘Handled This Like a Child’: Stephen A Smith Returns with Details About What Exactly LeBron James Said to Him During Explosive Confrontation,https://atlantablackstar.com/2025/03/08/stephen-a-smith-details-lebron-james-bronny-confrontation/,atlantablackstar.com
[email protected],/cdn-cgi/l/email-protection#f1989f979eb190859d909f8590939d90929a82859083df929e9c,atlantablackstar.com
Next,https://atlantablackstar.com/page/2/,atlantablackstar.com
Sports,https://atlantablackstar.com/category/sports/,atlantablackstar.com
Privacy Statement,https://atlantablackstar.com/privacy-statement/,atlantablackstar.com
"‘Saquon, Get that Prenup Ready’: Fans Warn Saquon Barkley About His Fiancée After He Bags $41M Contract Extension with the Eagles",https://atlantablackstar.com/2025/03/08/saquon-barkley-prenup-fiancee-contract-extension-eagles/,atlantablackstar.com
‘This Is Getting Out of Hand’: Black Woman Who Received Threatening Texts from White Gym Manager Falsely Claiming She’s On Camera Stealing a Ring Is Outraged After Learning He Has a Criminal Past for Burglary,https://atlantablackstar.com/2025/03/07/white-gym-manager-who-falsely-accused-black-woman-of-stealing-ring-has-prior-arrest-on-charges-of-breaking-into-homes-to-steal-jewelry/,atlantablackstar.com
Fans Go Wild as ‘Bachelorette’ Alum Rachel Lindsay Finds Love Again After Being Ordered to Pay ‘Gold Digger Husband’ $500K,https://atlantablackstar.com/2025/03/08/bachelorette-rachel-lindsay-dating-willie-jones/,atlantablackstar.com
News,https://atlantablackstar.com/category/news/,atlantablackstar.com
Legal Notice,https://atlantablackstar.com/legal-notice/,atlantablackstar.com
Entertainment,https://atlantablackstar.com/category/entertainment/,atlantablackstar.com
‘What Did You Say?’: Watch Steve Harvey’s Priceless Reaction to His Wife’s Admitting She’d ‘Trade’ Him In for the Pool Boy,https://atlantablackstar.com/2025/03/07/marjorie-harvey-pool-boy-confession-shocks-steve-harvey-on-family-feud/,atlantablackstar.com
‘Unholy Matrimony ‘: Jessica Simpson Seemingly Confesses Her Man Cheated on Her with a Woman Who Dressed Up In Her Clothes,https://atlantablackstar.com/2025/03/07/unholy-matrimony-jessica-simpson-seemingly-exposes-husband-for-cheating-on-her-with-a-woman-who-dressed-up-in-her-clothes/,atlantablackstar.com
"‘Nonsense’: Halle Berry Fires Back at Rumors About Rift with Whoopi Goldberg at the Oscars, Tells People to ‘Stop Lying’",https://atlantablackstar.com/2025/03/07/halle-berry-addresses-rumor-about-her-and-whoopi-goldberg-rift/,atlantablackstar.com
Simone Biles Issues Fiery Warning Over Being Touched and Grabbed Months After Cameraman Smashed Into Her at the Paris Olympics,https://atlantablackstar.com/2025/03/09/simone-biles-fiery-warning-touched-grabbed/,atlantablackstar.com
Celebrity News,https://atlantablackstar.com/category/entertainment/celebrity-news/,atlantablackstar.com
About us,https://atlantablackstar.com/about-us/,atlantablackstar.com
Contribute Now,#contribute,atlantablackstar.com
‘They’re Trying to Incite a Revolt’: Maxine Waters Riles Up MAGA Critics All Worked Up Over Tweet Misquoting Her As Saying Elon Musk Hacked the Elections,https://atlantablackstar.com/2025/03/08/maxine-waters-worked-up-maga-critics-accusing-her-of-trying-incite-a-revolt-after-misquoting-saying-elon-musk-hacked-elections/,atlantablackstar.com
Careers,https://atlantablackstar.com/careers/,atlantablackstar.com
‘Are You Really Gonna Kiss Kevin?’: ‘Shark Tank’ Investors’ Disastrous ‘Chemistry’ Test Sinks Deal for Lip Balm Company,https://atlantablackstar.com/2025/03/07/kevin-oleary-and-barbara-corcoran-kisstixx-kiss-test-on-shark-tank/,atlantablackstar.com
‘A Very Brazen and Dangerous Individual’: Video Shows Dramatic Takedown of Ax-Wielding Man Accused of Chasing Woman While Shouting the N-Word In Miami Beach,https://atlantablackstar.com/2025/03/07/ax-wielding-man-shouting-the-n-word-arrested-in-miami-beach/,atlantablackstar.com
2,https://atlantablackstar.com/page/2/,atlantablackstar.com
‘Do Better’: Actress China McClain Responds to Backlash After Hawaii Governor Slams Disney Star Over Illegal Act with Endangered Sea Turtles,https://atlantablackstar.com/2025/03/08/china-mcclain-touching-endangered-sea-turtles-hawaii/,atlantablackstar.com
"‘Absolutely Abhorrent’: Lauren Boebert Jumps On Racist Stereotype as She Accuses Rep. Al Green of Shaking ‘His Pimp Cane at Trump,’ Completely Ignoring Her Own History of Disruptive Behavior",https://atlantablackstar.com/2025/03/08/lauren-boebert-racist-stereotype-accuses-rep-al-green-shaking-pimp-cane-at-trump-completely-ignoring-own-history-of-disruptive-behavior/,atlantablackstar.com
User Agreement,https://atlantablackstar.com/user-agreement/,atlantablackstar.com
Editorial Policy,https://atlantablackstar.com/editorial-policy/,atlantablackstar.com
"Report: Robert De Niro Favors Toddler Daughter to Inherit Fortune, Causing Bitter Clash Among His Older Kids",https://atlantablackstar.com/2025/03/09/robert-de-niro-inheritance-youngest-child-sparking-drama/,atlantablackstar.com
‘You Scared?’: Video Shows Indiana Cop Lied About Black Man Making Threats After He Was Brutally Assaulted By Officers But Prosecutor Still Wants to Keep His Legally Owned Gun,https://atlantablackstar.com/2025/03/09/video-indiana-cop-claimed-black-man-making-threats-prosecutor-still-wants-to-keep-his-legally-owned-gun/,atlantablackstar.com
‘She Finally Came to Her Senses’: Gabrielle Union Changes Her Tune About Going 50/50 with Husband Dwyane Wade After Years of Controversy,https://atlantablackstar.com/2025/03/08/gabrielle-union-changed-tune-50-50-with-husband-dwyane-wade/,atlantablackstar.com
Sign Up,#subscribe,atlantablackstar.com
‘They Straightened Up’: Steve Harvey Reveals How His Sons ‘Ticked Him Off’ for ‘Taking Advantage’ of His Wife Marjorie,https://atlantablackstar.com/2025/03/08/steve-harvey-sons-ticked-him-off-marjorie/,atlantablackstar.com
Dysentery Is Making A Comeback Under Trump Administration,https://newsone.com/5975625/dysentery-comeback-21st-century/,newsone.com
Jason Wilson Breaks Down Preconceived Notions Of Masculinity,https://newsone.com/5977260/author-jason-wilson-breaks-down-preconceived-notions-of-masculinity/,newsone.com
GED Section: Why Is America Being Led By Failed Businessmen?,https://newsone.com/5980844/ged-section-why-is-america-being-led-by-failed-businessmen/,newsone.com
Allisha Watts Murder Case Moving Forward,https://newsone.com/4655899/allisha-watts-missing-black-woman-north-carolina/,newsone.com
The 8 Most Infamous U.S. Public Housing Projects,https://newsone.com/1555245/most-infamous-public-housing-projects/,newsone.com
Trump Speaks At White Men Gone Wild Conference,https://newsone.com/5979687/trump-joint-address-congress/,newsone.com
Musk Wants Trump To Pardon George Floyd's Killer,https://newsone.com/5979831/musk-trump-george-floyd-derek-chauvin-pardon/,newsone.com
Sources Say Caleb Wilson Died During Hazing Ritual,https://newsone.com/5977852/caleb-wilson-death-new-details/,newsone.com
Karen Fired For Taunting Server With Trump Deportation,https://newsone.com/5985021/stephanie-lovins-ohio-karen-fired/,newsone.com
This Site Tracks Everything Project 2025,https://newsone.com/5984809/this-site-tracks-project-2025/,newsone.com
Gov. Glenn Youngkin Commutes Killer Cop's Sentence,https://newsone.com/5974805/glenn-youngkin-commutes-sentence-ex-cop-shot-unarmed-black-shoplifter/,newsone.com
Trump's Selling Citizenship Like He's In 'The Wire',https://newsone.com/5967295/gold-cards-trump-selling-citizenship-like-hes-in-the-wire/,newsone.com
Top Rap Mentions Honoring Ramadan,https://newsone.com/playlist/ramadan-mubarak-top-rap-mentions-honoring-the-muslim-holy-month/,newsone.com
NASW Fight Against President Trump's Harmful Federal Policies,https://newsone.com/5980320/nasw-trump-federal-policies/,newsone.com
Black Trump Supporter Big Mad After Friend Loses Job,https://newsone.com/5956931/delusional-black-trump-supporter-friend-loses-federal-job/,newsone.com
Ohio 'Karen' Goes Viral For Confronting Black Homeowner,https://newsone.com/5871155/mike-jenkins-karen-video/,newsone.com
Donald Trump Admits Elon Musk Is Head Of DOGE,https://newsone.com/5983124/donald-trump-admits-elon-musk-is-head-of-doge/,newsone.com
Howard Swimming Program Honored In PBS Documentary,https://newsone.com/5704369/howard-university-swimming-whut-documentary/,newsone.com
Ben Stiller Says Obama Turned Down 'Severance' Role,https://newsone.com/5980214/ben-stiller-barack-obama-severance/,newsone.com
Fact Check: Are Black Women Really Most Educated?,https://newsone.com/4338015/educated-black-women-facts/,newsone.com
"Nikki Giovanni On History, Banned Books And Joy In Resistance",https://newsone.com/5957406/nikki-giovanni-black-joy-blazers-black-history-banned-books/,newsone.com
MPD Reinstate Officers Trump Pardoned After Black Man Murdered,https://newsone.com/5982492/karon-hylton-brown-trump-pardon-mpd/,newsone.com
Allen Brooks Becomes Oldest Graduate From Alabama A&M,https://newsone.com/5967905/allen-brooks-oldest-alabama-am-graduate/,newsone.com
The Black Pilgrims Of Plymouth,https://newsone.com/4799188/black-pilgrims-of-plymouth-colony/,newsone.com
Michael Jordan Love Letter Heads Past $12K In Auction,https://newsone.com/5977611/michael-jordan-high-school-love-letter-auction/,newsone.com
Rep. Al Green Has Always Been A Gangsta,https://newsone.com/5982218/us-rep-al-green-has-always-been-a-gangsta/,newsone.com
Black Folklore In Video Season 2 Ep 8: The Brothers Of Pine Oak,https://newsone.com/4939908/black-folklore-in-video-season-2-ep-8-the-brothers-of-pine-oak/,newsone.com
The Legacy Of 'Good Trouble',https://newsone.com/playlist/john-lewis-voting-rights-champions/,newsone.com
Black Folklore In Video: Ghost Town Of Dearfield,https://newsone.com/4922985/black-folklore-in-video-season-2-ep-7-the-black-ghost-town-of-dearfield/,newsone.com
It's Time To Fight MAGA Not Retreat,https://newsone.com/5982260/its-time-to-fight-maga-not-retreat/,newsone.com
Alexandria Ocasio-Cortez Cooks Eric Adams At House Hearing,https://newsone.com/5983004/alexandria-ocasio-cortez-eric-adams-house-oversight-committee-hearing/,newsone.com
Black Cowboys: Heroes Of The Western Frontier,https://newsone.com/5062695/the-history-of-black-cowboys/,newsone.com
Notable Black People Who Died In 2025,https://newsone.com/playlist/notable-black-people-who-died-2025/,newsone.com
Stephen A. Smith Is Right About Bronny James,https://newsone.com/5985605/stephen-a-smith-has-a-good-point-about-bronny-james/,newsone.com
Rep. Al Green Kicked Out Of Trump's Address To Congress,https://newsone.com/5978666/rep-al-green-kicked-out-of-trumps-joint-address-to-congress/,newsone.com
8 Essential Roy Ayers Songs Sampled By Hip-Hop,https://newsone.com/5982882/roy-ayers-songs-sampled-by-hip-hop/,newsone.com
Remembering Bloody Sunday And The Fight For Voting Rights,https://newsone.com/5985125/bloody-sunday-remembering-voting-rights/,newsone.com
Black Folklore In Video Season 2 Ep 6: Rosewood,https://newsone.com/4908035/black-folklore-in-video-season-2-ep-6-the-haunting-of-rosewood/,newsone.com
LA Times Nixes AI Tool That Downplayed KKK Racism,https://newsone.com/5980109/la-times-nixes-ai-kkk-racism/,newsone.com
Surviving Trump,https://newsone.com/5868496/surviving-trump/,newsone.com
Every Black Person Should Follow HillmanTok,https://newsone.com/5921351/hillmantok-university-explained/,newsone.com
What Are Tariffs And How Will They Impact America?,https://newsone.com/5977362/what-are-tariffs-and-how-will-they-impact-america/,newsone.com
Rep. Al Green Needs To Be Protected At All Costs,https://newsone.com/5985124/why-rep-al-green-needs-to-be-protected-at-all-costs/,newsone.com
Is Target’s Stock Value Down Due To The Boycott?,https://newsone.com/5982769/target-stock-value-after-boycott/,newsone.com
Suspect In Tupac Shakur's Murder Now Says He's Innocent,https://newsone.com/5985189/tupac-shakur-murder-suspect-changes-his-story/,newsone.com
Former Houston Mayor Sylvester Turner Passes Away at 70,https://newsone.com/5980156/sylvester-turner-former-houston-mayor-passes-away-at-70/,newsone.com
Navigating Personal Finance After A Natural Disaster,https://newsone.com/5929318/navigating-personal-finance-after-a-natural-disaster/,newsone.com
Florida Karen Talks Herself Into Arrest,https://newsone.com/5982818/christina-laboy-florida-karen-arrested-racial-attack-on-police/,newsone.com
Could Trump Get Rid Of Interracial Marriage?,https://newsone.com/5891152/could-trump-get-rid-of-interracial-marriage/,newsone.com
Quincy Jones Oscars Tribute: Was It Good?,https://newsone.com/5975085/quincy-jones-oscars-pay-homage/,newsone.com
MLK Conspiracy Theories Surrounding His Assassination,https://newsone.com/4934719/mlk-conspiracy-theories-black-folklore/,newsone.com
Breaking Down Stereotypes: Black People And Smoke Detectors,https://newsone.com/5375006/smoke-detectors-black-people/,newsone.com
Is DOGE's Massive Layoffs Hurting Black Workers?,https://newsone.com/5977586/black-workers-elon-musk-doge/,newsone.com
National Cares Mentoring Movement To Host 10th Annual Gala,https://newsone.com/5982751/national-cares-mentoring-movement-for-the-love-of-our-children-gala/,newsone.com
Trump Rails Over 'Illegal Protests' On College Campuses,https://newsone.com/5977378/trump-illegal-protests-ban-colleges/,newsone.com
Trump Tariffs Have Started: What This Means For You,https://newsone.com/5978006/trump-tariffs-what-that-means-for-you/,newsone.com
D'Wayne Wiggins Of Tony! Toni! Toné! Passes Away,https://newsone.com/5985922/dwayne-wiggins-of-tony-toni-tone-passes-away-from-cancer/,newsone.com
Trump’s Anti-DEI Guidance Could Forever Change Education,https://newsone.com/5967117/trump-dei-education-in-america/,newsone.com
GOP To Get Rid Of Black Lives Matter Plaza,https://newsone.com/5975200/gop-black-lives-matter-plaza-in-washington-d-c/,newsone.com
Donald Trump Lies Before Joint Session of Congress,https://newsone.com/5978963/donald-trump-joint-session-speech-lies-and-contradictions/,newsone.com
"SXSW 2025 Review: ‘The Dutchman’ Explores Thrills, Power Dynamics, and Psychological Tension",https://blackgirlnerds.com/sxsw-2025-review-the-dutchman-explores-thrills-power-dynamics-and-psychological-tension/,blackgirlnerds.com
Discover the Magic of Disney Cruises with Yolanda Cade and Marcus Gibson,https://blackgirlnerds.com/discover-the-magic-of-disney-cruises-with-yolanda-cade-and-marcus-gibson/,blackgirlnerds.com
6 Travel Trends to Push You Out of Your Comfort Zone,https://blackgirlnerds.com/6-travel-trends-to-push-you-out-of-your-comfort-zone/,blackgirlnerds.com
Review: ‘Oh My God…Yes!’ Amplifies Black Women’s Voices in Adult Animation,https://blackgirlnerds.com/review-oh-my-god-yes-amplifiesblack-womens-voices-in-adult-animation/,blackgirlnerds.com
Here’s What You Need to Learn about Afro-Nicaraguans,https://blackgirlnerds.com/heres-what-you-need-to-learn-about-afro-nicaraguans/,blackgirlnerds.com
6 Things about the Double Dragon Franchise That Make Us Crave the ’90s,https://blackgirlnerds.com/6-things-about-the-double-dragon-franchise-that-make-us-crave-the-90s/,blackgirlnerds.com
Why HBCUs Are Seeing a Decline in Black Male Enrollment,https://blackgirlnerds.com/why-hbcus-are-seeing-a-decline-in-black-male-enrollment/,blackgirlnerds.com
"Let’s Take a Moment to Celebrate Jackie Robinson’s Wife, Rachel Robinson, Who Just Turned 102",https://blackgirlnerds.com/lets-take-a-moment-to-celebrate-jackie-robinsons-wife-rachel-robinson-who-just-turned-102/,blackgirlnerds.com
The Black Panther before T’Challa: Azzuri’s Role in ‘Marvel 1943: Rise of Hydra’,https://blackgirlnerds.com/the-black-panther-before-tchalla-azzuris-role-in-marvel-1943-rise-of-hydra/,blackgirlnerds.com
Trailblazers: The Black Women Who Changed Medicine,https://blackgirlnerds.com/trailblazers-the-black-women-who-changed-medicine/,blackgirlnerds.com
Travel Gifts Under $50 That Will Enhance Your Adventures,https://blackgirlnerds.com/travel-gifts-under-50-that-will-enhance-your-adventures/,blackgirlnerds.com
February 13 Is Black Love Day,https://blackgirlnerds.com/february-13-is-black-love-day/,blackgirlnerds.com
Nat Turner’s Rebellion: Separating Fact from Fiction,https://blackgirlnerds.com/nat-turners-rebellion-separating-fact-from-fiction/,blackgirlnerds.com
"Hazel Scott, Multi-talented Woman History Tried to Erase",https://blackgirlnerds.com/hazel-scott-multi-talented-woman-history-tried-to-erase/,blackgirlnerds.com
"Movies, Series, and Documentaries to Highlight the Black Travel Experience and Inspire Your Next Trip",https://blackgirlnerds.com/movies-series-and-documentaries-to-highlight-the-black-travel-experience-and-inspire-your-next-trip/,blackgirlnerds.com
Experience TwitchCon 2025: Meet Streamers and Brands,https://blackgirlnerds.com/experience-twitchcon-2025-meet-streamers-and-brands/,blackgirlnerds.com
Jumbeaux’s Sweets: Where Your Sweet Tooth Finds Its Happy Place on the Disney Treasure,https://blackgirlnerds.com/jumbeauxs-sweets-where-your-sweet-tooth-finds-its-happy-place-on-the-disney-treasure/,blackgirlnerds.com
Review: ‘Daredevil: Born Again’ Delivers the Brutality MCU Fans Have Been Waiting For,https://blackgirlnerds.com/review-daredevil-born-again-delivers-the-brutality-mcu-fans-have-been-waiting-for/,blackgirlnerds.com
The Magic of Plaza De Coco: Dining with Heritage,https://blackgirlnerds.com/the-magic-of-plaza-de-coco-dining-with-heritage/,blackgirlnerds.com
The 5 Black Women on the 2025 Time Women of the Year List,https://blackgirlnerds.com/the-5-black-women-on-the-2025-time-women-of-the-year-list/,blackgirlnerds.com
Beauty/Style,https://www.theroot.com/beauty-style,www.theroot.com
Black Twitter Responds to LeBron James Clapping at Stephen A. Smith During Knicks Game,https://www.theroot.com/black-twitter-responds-to-lebron-james-clapping-at-step-1851768496,www.theroot.com
Anthony Edwards' Baby Mama Drama Has the Internet in ShamblesThe NBA player has found himself to be the talk of the timelines as of late.,https://www.theroot.com/anthony-edwards-baby-mama-drama-has-the-internet-in-sha-1851768142,www.theroot.com
Denzel Washington's Heartwarming Reaction to an Actress-Hopeful Goes Viral,https://www.theroot.com/denzel-washingtons-heartwarming-reaction-to-an-actress-1851768527,www.theroot.com
Angela Johnson,/author/angelajohnson629,www.theroot.com
Black History Month,https://www.theroot.com/culture/black-history-month,www.theroot.com
Law Enforcement,https://www.theroot.com/news/law-enforcement,www.theroot.com
Check Out These Stunning Pieces From Black Celebrities' Personal Collections,https://www.theroot.com/check-out-these-stunning-pieces-from-black-celebrities-1851766996,www.theroot.com
Noah A. McGee,/author/noahamcgee,www.theroot.com
Culture,https://www.theroot.com/culture,www.theroot.com
This TikTok Account Has Been Capturing the Very Best of New York City's Street Fashion,https://www.theroot.com/this-tiktok-account-has-been-capturing-the-very-best-of-1851766705,www.theroot.com
"Shannon Sharpe Once Again Reacts to Sammy Sosa Being Black, Kendrick Lamar’s Super Bowl Two Step Takes Over Wedding Parties, Unknown Black M...",https://www.theroot.com/shannon-sharpe-once-again-reacts-to-sammy-sosa-being-bl-1851768464,www.theroot.com
Viral Stories,https://www.theroot.com/latest,www.theroot.com
Is Ice Cube OK?,https://www.theroot.com/why-is-ice-cube-stuck-inside-a-hotel-in-australia-1851768138,www.theroot.com
Opinion,https://www.theroot.com/opinion,www.theroot.com
Business,https://www.theroot.com/culture/business,www.theroot.com
Now playing01:48,https://www.theroot.com/bakari-sellers-reveals-the-conversations-hes-had-with-h-1851766412,www.theroot.com
Phenix S Halley,/author/phalley9,www.theroot.com
Black Women Ask 'Are They Trying to Kill Us Through Our Hair?' New Report Says 'Maybe',https://www.theroot.com/black-women-are-they-trying-to-kill-us-through-our-hai-1851768604,www.theroot.com
Vanity Fair Oscar Party 2025's Best and Worst Looks,https://www.theroot.com/vanity-fair-oscar-party-2025s-best-and-worst-looks-1851767426,www.theroot.com
"Bakari Sellers Reveals Advice He Received From His Famous Father Civil Rights Leader, Dr. Cleveland Sellers",https://www.theroot.com/bakari-sellers-reveals-the-conversations-hes-had-with-h-1851766412,www.theroot.com
"Black History MonthA collection of profiles, video interviews, and essays honoring the vibrant tapestry of Black history.",https://www.theroot.com/black-history-month-1851753172,www.theroot.com
Entertainment,https://www.theroot.com/entertainment/entertainment,www.theroot.com
This New Development in Southern University Student Hazing Death Should Answer a Lot of Questions...,https://www.theroot.com/this-new-development-in-southern-university-student-haz-1851768475,www.theroot.com
News,https://www.theroot.com/news,www.theroot.com
"Why Black People Need to Stop Acting Like 'The Wiz' Is A Good Movie Just Because Michael Jackson, Diana Ross Are In It",https://www.theroot.com/its-time-black-folks-admit-that-the-wiz-is-not-a-good-m-1851768134,www.theroot.com
"Detroit Cop Allegedly Groomed His 12-Year-Old Stepdaughter Via Text Messages, But It Gets Worse",https://www.theroot.com/detroit-cop-allegedly-groomed-his-12-year-old-stepdaugh-1851768001,www.theroot.com
Legal,https://www.theroot.com/news/legal,www.theroot.com
"The Life, Times and Villain Era of Soul Legend Bobby Womack",https://www.theroot.com/the-life-and-times-and-villain-era-of-soul-legend-bobby-1851768393,www.theroot.com
How Weird? Kanye West Wants His Rival Drake To Do This For Him After He Dies,https://www.theroot.com/strange-kanye-west-wants-his-rival-drake-to-do-this-fo-1851768618,www.theroot.com
WhatReallyHappened When a Denver Deputy Killed a Man? Lawyer Disputes Police ClaimsAn attorney says the fatal shooting of a man by a Douglas County sheriff’s deputy was NOT justified.,https://www.theroot.com/what-really-happened-when-a-denver-deputy-killed-a-man-1851768459,www.theroot.com
Shanelle Genai,/author/shanellegenai,www.theroot.com
Why Folks Are Pissed at Hakeem Jeffries' Statements About Trump and His MAGA Republicans,https://www.theroot.com/hakeem-jeffries-lost-his-mind-admitting-defeat-against-1851766935,www.theroot.com
White Soap Opera Characters Black People Love,https://www.theroot.com/white-soap-opera-characters-black-people-love-1851768553,www.theroot.com
Stephen A. Smith Details Why LeBron James Confronted Him,https://www.theroot.com/stephen-a-smith-breaks-down-viral-moment-with-lebron-j-1851768659,www.theroot.com
What Happened to the Careers of These Black Oscar Winners?,https://www.theroot.com/what-happened-to-the-careers-of-these-black-oscar-winne-1851766495,www.theroot.com
"Expert: Trump'sRealMotivation For Trying to Roll Back Black, Brown Progress Is Low White Birthrate",https://www.theroot.com/rev-barber-trumps-real-motivation-is-protecting-the-wh-1851768197,www.theroot.com
"The Most Sampled Songs From Black Artists in Music HistorySongs from James, Brown, Public Enemy, and Lyn Collins are among the most sampled tracks ever",https://www.theroot.com/the-most-sampled-songs-from-black-artists-in-music-hist-1851768548,www.theroot.com
Man Accused of Tupac’s Murder Speaks Out for the First Time Since Being ChargedDuane “Keefe D” Davis claims he’s innocent and alleged he was paid to lie about his role in Shakur’s murder.,https://www.theroot.com/man-accused-of-tupac-s-murder-speaks-out-for-the-first-1851768441,www.theroot.com
15 Moments That Proved This Black History Month Was The Blackest—EverKendrick Lamar's Super Bowl performance was one of the Blackest things to happen to that football event.,https://www.theroot.com/15-moments-that-proved-why-this-black-history-month-was-1851766448,www.theroot.com
"Despite a Divided Nation, 15 Peculiar ThingsAllAmericans Have in Common",https://www.theroot.com/15-things-all-americans-have-in-common-1851768171,www.theroot.com
"A List Of Companies That Continue To Support DEIWhile places like Walmart rolled back their initiatives, these places have doubled down on diversity.",https://www.theroot.com/a-list-of-companies-that-continue-to-support-dei-1851755249,www.theroot.com
Kalyn Womack,/author/kalynwomack,www.theroot.com
13 Guilt-Free Drugstore Beauty Buys During a Tough Economy,https://www.theroot.com/our-favorite-drug-store-beauty-buys-that-wont-blow-your-1851767886,www.theroot.com
"Detroit Cop Allegedly Grooms His 12-Year-Old Stepdaughter, College Karen Who Called Classmate N-Word Over 200 Times Wants Early Release From...",https://www.theroot.com/detroit-cop-allegedly-grooms-his-12-year-old-stepdaught-1851768463,www.theroot.com
Kill the Hate...Give Dawn Staley Her Flowers This March Madness,https://www.theroot.com/kill-the-hate-give-dawn-staley-her-flowers-this-march-1851767937,www.theroot.com
Latest,https://www.theroot.com/latest,www.theroot.com
Candace McDuffie,/author/candacermcduffie,www.theroot.com
"Trump's Family Could Rule the Country Forever, Lawmaker Warns",https://www.theroot.com/trumps-family-could-rule-the-country-forever-lawmaker-1851768497,www.theroot.com
Jared Alexander,/author/jaredalexander95,www.theroot.com
5 Takeaways From Trump’s Congressional Address That Black Folks Better Watch Closely,https://www.theroot.com/5-takeaways-from-trump-s-congressional-address-that-bla-1851767841,www.theroot.com
Some Biggest Black History Moments at The Academy Awards,https://www.theroot.com/despite-2025-oscar-snubs-heres-some-black-history-maki-1851765932,www.theroot.com
Entertainment,https://www.theroot.com/entertainment,www.theroot.com
"Surprise, Surprise: Trump DOD Deputy Press Secretary Has A History Of Racist Tweets",https://www.theroot.com/surprise-surprise-trump-dod-deputy-press-secretary-ha-1851768433,www.theroot.com
Zoe Saldaña Looks Just Like Her Late Father,https://www.theroot.com/what-we-know-about-zoe-saldanas-mother-and-look-alike-f-1851768666,www.theroot.com
Anthony Edwards' Baby Mama Drama Has the Internet in Shambles,https://www.theroot.com/anthony-edwards-baby-mama-drama-has-the-internet-in-sha-1851768142,www.theroot.com
"Best Deals of the Day: Samsung, Vizio, Converse, Duo Toothpaste, My Notes...",https://theinventory.com/best-deals-of-the-day-lg-tv-leantravel-packing-cubes-1847628359,www.theroot.com
Black Dandyism Through the Decades,https://www.theroot.com/black-dandyism-through-the-decades-1851766622,www.theroot.com
Juan Palacios,/author/juanonstage,www.theroot.com
"Fill Up Your Shopping Cart With Today’s Best Target Deals, Including Up...",https://theinventory.com/best-target-daily-deals-1846034805,www.theroot.com
A Look Inside LeBron James' Lavish Real Estate Portfolio,https://www.theroot.com/a-look-inside-lebron-james-lavish-real-estate-portfolio-1851767945,www.theroot.com
A List Of Companies That Continue To Support DEI,https://www.theroot.com/a-list-of-companies-that-continue-to-support-dei-1851755249,www.theroot.com
Alison MacAdam,https://www.npr.org/people/348733025/alison-macadam,www.npr.org
Code Switch,https://www.npr.org/people/935746210/code-switch,www.npr.org
Transcript,https://www.npr.org/transcripts/1222389471,www.npr.org
Xavier Lopez,https://www.npr.org/people/1209667949/xavier-lopez,www.npr.org
Perspective,https://www.npr.org/sections/perspective,www.npr.org
Transcript,https://www.npr.org/transcripts/1262115872,www.npr.org
The NFL's concussion problem beyond CTE,https://www.npr.org/2026/01/01/1249795988/code-switch-football-mini-three,www.npr.org
Transcript,https://www.npr.org/transcripts/1210938547,www.npr.org
"February 17, 2025 Dominique Foxworth played in the NFL from 2005 to 2011. After he retired, he went on to become the head of the NFL Players' Association, the union that represents players in the league. In this conversation, he describes what it was like sitting across from the league's lawyers, advocating for things like players' health care at a time when the risks of playing football were becoming clearer.",https://www.npr.org/2026/01/01/1249795982/code-switch-bonus-football-episode-2,www.npr.org
The Code Switch Podcast,https://www.npr.org/sections/codeswitch/484785516/the-code-switch-podcast,www.npr.org
Subscribe,#,www.npr.org
Dalia Mortada,https://www.npr.org/people/765840056/dalia-mortada,www.npr.org
Transcript,https://www.npr.org/transcripts/1216966351,www.npr.org
Transcript,https://www.npr.org/transcripts/1223466588,www.npr.org
Transcript,https://www.npr.org/transcripts/1215355310,www.npr.org
Gene Demby,https://www.npr.org/people/182264497/gene-demby,www.npr.org
Transcript,https://www.npr.org/transcripts/1249795980,www.npr.org
Deirdre Walsh,https://www.npr.org/people/617095374/deirdre-walsh,www.npr.org
About,#,www.npr.org
Schuyler Swenson,https://www.npr.org/people/1160672029/schuyler-swenson,www.npr.org
"March 5, 2025 The Panama Canal's impact on the geopolitical stage far outreaches its roughly 51-mile stretch of land and water. This week, we're trying to understand the canal's murky future - from climate change to President Trump's threat to take it for the U.S. - by looking at its turbulent, cataclysmic birth.",https://www.npr.org/2025/03/05/1235939381/a-look-at-the-human-toll-of-the-construction-of-the-panama-canal,www.npr.org
Susan Davis,https://www.npr.org/people/467975902/susan-davis,www.npr.org
An NFL star on what the game costs those who play it,https://www.npr.org/2026/01/01/1249795982/code-switch-bonus-football-episode-2,www.npr.org
Transcript,https://www.npr.org/transcripts/1232435549,www.npr.org
Transcript,https://www.npr.org/transcripts/1218506698,www.npr.org
Veralyn Williams,https://www.npr.org/people/1114050806/veralyn-williams,www.npr.org
"February 10, 2025 The way football is played and who plays it — from the pee-wees to the pros — tells us so much about race, labor and power in the United States. In a conversation with cultural anthropologist Tracie Canada we explore how starting from young ages, Black players are nudged towards more physically taxing positions that require more strength, athleticism, speed. That affects who gets injured, how they're cared for and how they get paid.",https://www.npr.org/2026/01/01/1249795980/code-switch-football-race-ep-1,www.npr.org
Christina Cala,https://www.npr.org/people/580312943/christina-cala,www.npr.org
"February 24, 2025 In 2015, the NFL agreed to an uncapped settlement to pay former players diagnosed with brain disease. The agreement came after players sued the league for covering what it knew about the links between brain disease and football. But who's gotten paid and how much is affected by their race. On the final episode of our series on race and football, we speak with Will Hobson, investigative sports reporter atThe Washington Post.",https://www.npr.org/2026/01/01/1249795988/code-switch-football-mini-three,www.npr.org
Courtney Stein,https://www.npr.org/people/1251608193/courtney-stein,www.npr.org
Transcript,https://www.npr.org/transcripts/1212604234,www.npr.org
A look at the human toll of the construction of the Panama Canal,https://www.npr.org/2025/03/05/1235939381/a-look-at-the-human-toll-of-the-construction-of-the-panama-canal,www.npr.org
Jess Kung,https://www.npr.org/people/773152683/jess-kung,www.npr.org
Transcript,https://www.npr.org/transcripts/1230862334,www.npr.org
B.A. Parker,https://www.npr.org/people/1114056142/b-a-parker,www.npr.org
Janet W. Lee,https://www.npr.org/people/1006770203/janet-w-lee,www.npr.org
Tamara Keith,https://www.npr.org/people/122805042/tamara-keith,www.npr.org
Transcript,https://www.npr.org/transcripts/1249795988,www.npr.org
Transcript,https://www.npr.org/transcripts/1224776149,www.npr.org
Transcript,https://www.npr.org/transcripts/1233894759,www.npr.org
"From pee-wees to the pros, what football tells us about race in the U.S.",https://www.npr.org/2026/01/01/1249795980/code-switch-football-race-ep-1,www.npr.org
Where tradwives and leftists agree,https://www.npr.org/2026/01/01/1262115872/where-tradwives-and-leftists-agree,www.npr.org
Analysis,https://www.npr.org/sections/analysis/,www.npr.org
Transcript,https://www.npr.org/transcripts/1227543299,www.npr.org
Transcript,https://www.npr.org/transcripts/1249795982,www.npr.org
Franco Ordoñez,https://www.npr.org/people/729411445/franco-ordonez,www.npr.org
"December 7, 2024 We continue our conversation about the hellscape of modern motherhood, and look into an alternative to the tradwife lifestyle.",https://www.npr.org/2026/01/01/1262115872/where-tradwives-and-leftists-agree,www.npr.org
Code Switch,https://www.npr.org/sections/codeswitch/,www.npr.org
Leah Donnella,https://www.npr.org/people/477473044/leah-donnella,www.npr.org
Out the Group Chat: Nina Westbrook,https://www.ebony.com/video/out-the-group-chat-nina-westbrook/,www.ebony.com
Ryan Destiny Shared a Parallel Moment with Claressa Shields’ Boxing Journey in ‘The Fire Inside’,https://www.ebony.com/video/ryan-destiny-shared-a-parallel-moment-with-claressa-shields-boxing-journey-in-the-fire-inside/,www.ebony.com
Style,https://www.ebony.com/category/style/,www.ebony.com
"The Wrap-Up! MACRO 7th Annual Pre-Oscar Party, Cynthia Bailey & Bevy Smith, ‘On Becoming A Guinea Fowl’ US Premiere",https://www.ebony.com/macro-pre-oscars-party-black-hollywood-2024/,www.ebony.com
"Ridin’ Around w/ EBONY: Ferg Talks New Album ‘DAROLD,’ Health and Rediscovering His Roots",https://www.ebony.com/video/ridin-around-w-ebony-ferg-talks-new-album-darold-health-rediscovering-his-roots/,www.ebony.com
Read More,https://www.ebony.com/international-womens-day-7-documentaries-black-women/,www.ebony.com
Faith & Politics Institute Hosts Annual Congressional Civil Rights Pilgrimage On ‘Bloody Sunday’ Anniversary,https://www.ebony.com/the-edmund-pettus-bridges-racist-history-981/,www.ebony.com
Roy Wood Jr. Dissects Our Social Disconnect in New Hulu Special,https://www.ebony.com/video/roy-wood-jr-dissects-our-social-disconnect-in-new-hulu-special/,www.ebony.com
TV & Film,https://www.ebony.com/category/entertainment/tv_film/,www.ebony.com
"Real Black, Real Cool: All the Vibrant Ways In Which We Love",https://www.ebony.com/real-black-real-cool-all-the-vibrant-ways-in-which-we-love/,www.ebony.com
Celebrate International Women’s Day with These 6 Documentaries of Black Women Who Have Made Their Mark,https://www.ebony.com/international-womens-day-7-documentaries-black-women/,www.ebony.com
"D’Wayne Wiggins, Co-Founder of Tony! Toni! Toné!, Passes Away at 64",https://www.ebony.com/dwayne-wiggins-co-founder-of-tony-toni-tone-passes-away-at-64/,www.ebony.com
Music,https://www.ebony.com/category/entertainment/music/,www.ebony.com
Life,https://www.ebony.com/category/life/,www.ebony.com
Out the Group Chat: Jontá Harris,https://www.ebony.com/video/out-the-group-chat-jonta-harris/,www.ebony.com
Building on Bulldog Pride,https://www.ebony.com/video/building-on-bulldog-pride/,www.ebony.com
LEARN MORE,http://ebony.com/sensory-soiree,www.ebony.com
"March is Ushering New Beauty Launches From Bvlgari, The Ordinary and More!",https://www.ebony.com/march-is-ushering-new-beauty-launches-from-bvlgari-the-ordinary-and-more/,www.ebony.com
EBONY’s 2024 Power 100 Red Carpet Was Nothing to Play With,https://www.ebony.com/video/ebonys-2024-power-100-red-carpet-was-nothing-to-play-with/,www.ebony.com
"Tiera Kennedy on ‘Rooted,’ ‘Cowboy Carter’ and Her R&B Country Breakthrough",https://www.ebony.com/tiera-kennedy-on-rooted-cowboy-carter-and-her-rb-country-breakthrough/,www.ebony.com
Entertainment,https://www.ebony.com/category/entertainment/,www.ebony.com
From Pen to Paper: Lucky Daye Reflects on Friendship with Stevie Wonder and Songwriting Amid GRAMMY Recognition,https://www.ebony.com/video/pen-to-paper-lucky-daye-reflects-on-friendship-with-stevie-wonder-and-songwriting-amid-grammy-recognition/,www.ebony.com
It’s Inauguration Day… What’s Next? Comedian Roy Wood Jr. Gets Real About What Our Community is Up Against,https://www.ebony.com/video/its-inauguration-day-whats-next-roy-wood-jr/,www.ebony.com
Out the Group Chat: Demetri Wiley,https://www.ebony.com/video/out-the-group-chat-demetri-wiley/,www.ebony.com
EBONY’s 2024 Power 100 Gala Was a Warm Embrace For the Black Community,https://www.ebony.com/ebonys-2024-power-100-gala-was-a-warm-embrace-for-the-black-community/,www.ebony.com
Anthony Mackie On Why a Black Captain America Is for Everyone,https://www.ebony.com/video/anthony-mackie-on-why-a-black-captain-america-is-for-everyone/,www.ebony.com
View More,https://www.ebony.com/magazine/february-2025-digital-cover-experience-love-in-color/,www.ebony.com
Gabby Shepard’s Spirit for Exploration Makes For Good Company as EBONY’s 2024 Power 100 Generation Next Awardee,https://www.ebony.com/video/gabby-shepards-spirit-for-exploration-makes-for-good-company-as-ebonys-2024-power-100-generation-next-awardee/,www.ebony.com
1 day ago,/2025/03/07,www.ebony.com
2 days ago,/2025/03/07,www.ebony.com
Shannon Sharpe Is Shaking the Culture Up in His Own Way as EBONY’s 2024 Power 100 Media Maven Awardee,https://www.ebony.com/video/shannon-sharpe-is-shaking-the-culture-up-in-his-own-way-as-ebonys-2024-power-100-media-maven-awardee/,www.ebony.com
View More,/news-hub,www.ebony.com
EBONY’s Power 100: Influential Creators Shaping the Future,https://www.ebony.com/ebonys-power-100-influential-creators-shaping-the-future/,www.ebony.com
Celebrity,https://www.ebony.com/category/entertainment/celebrity/,www.ebony.com
4 Things I Learned Attending the 97th Academy Awards,https://www.ebony.com/97th-academy-awards-highlights-celebrating-diversity-and-authentic-storytelling/,www.ebony.com
News,https://www.ebony.com/category/culture/news/,www.ebony.com
Ingrid Best: A Toast to Changing Wine Culture Through Luxury and Art,https://www.ebony.com/video/ingrid-best-a-toast-to-changing-wine-culture-through-luxury-and-art/,www.ebony.com
The Beauty of Business: Fawn Weaver’s Approach to  Power Dressing,https://www.ebony.com/the-beauty-of-business-fawn-weavers-approach-to-power-dressing/,www.ebony.com
"Denzel Washington, Kenny Leon & Brian Anthony Moreland: Visionaries of Broadway’s Othello 2025",https://www.ebony.com/video/denzel-washington-brian-moreland-broadway-transformative-othello/,www.ebony.com
Love In Action: Meet the Couples Behind EBONY’s February 2025 ‘Love In Color’ Issue,https://www.ebony.com/love-in-action-meet-the-couples-behind-ebonys-february-2025-love-in-color-issue/,www.ebony.com
Iconic Moments: USHER’s Greatest Stage Performances,https://www.ebony.com/iconic-moments-ushers-greatest-stage-performances/,www.ebony.com
"March 4, 2025",/2025/03/04,www.ebony.com
EBONY’s 2024 Power 100 Influential Creator Awardee Kamie Crawford Gives A Glimpse Into Her World,https://www.ebony.com/video/ebonys-2024-power-100-influential-creator-awardee-kamie-crawford-gives-a-glimpse-into-her-world/,www.ebony.com
Governor Wes Moore’s Love for Maryland Shines Through as EBONY’s 2024 Community Crusader Awardee,https://www.ebony.com/video/governor-wes-moores-love-for-maryland-shines-through-as-ebonys-2024-community-crusader-awardee/,www.ebony.com
EBONY Power 100 Honoree USHER: The Blueprint for the Modern Pop Star,https://www.ebony.com/ebony-power-100-honoree-usher-the-blueprint-for-the-modern-pop-star/,www.ebony.com
10 Books That Celebrate Black Love In All Its Forms,https://www.ebony.com/10-books-black-love/,www.ebony.com
The Power of Comedy: EBONY Power 100 Gala Host Michelle Buteau and Tone Bell Claim Theirs,https://www.ebony.com/michelle-buteau-tone-bell-ebony-power-100-hosts-claim-their-power/,www.ebony.com
EBONY’s 2024 Power 100 Artist In Residence Awardee & Director Kenny Leon’s Storytelling Transcends the Stage and Screen,https://www.ebony.com/video/ebonys-2024-power-100-artist-in-residence-awardee-director-kenny-leons-storytelling-transcends-the-stage-and-screen/,www.ebony.com
Gayle King: America’s Best Friend and Media Trailblazer,https://www.ebony.com/video/gayle-king-americas-best-friend-media-trailblazer/,www.ebony.com
February 2025:  Digital Cover Experience: Love In Color,https://www.ebony.com/magazine/february-2025-digital-cover-experience-love-in-color/,www.ebony.com
EBONY Power 100 Awardee Paul Tazewell: His Unlimited Design Style for ‘Wicked’ and His Flight Towards an Oscar,https://www.ebony.com/wicked-cosgtume-designer-paul-tazewell-oscar-moment/,www.ebony.com
The Power Issue: A Declaration of Black Brilliance,https://www.ebony.com/the-power-issue-a-declaration-of-black-brilliance/,www.ebony.com
Guests Give EBONY its Flowers Inside the Power 100 Gala Video Studio,https://www.ebony.com/video/guests-give-ebony-its-flowers-inside-the-power-100-gala-video-studio/,www.ebony.com
Culture,https://www.ebony.com/category/culture/,www.ebony.com
Professor Lesley Lokko’s is Reimagining the World as EBONY’s 2024 Power 100 STEM Trailblazer,https://www.ebony.com/video/professor-lesley-lokkos-is-reimagining-the-world-as-ebonys-2024-power-100-stem-trailblazer/,www.ebony.com
"Kenyon Dixon Reflects on GRAMMY Nomination, R&B Evolution and His Place Within It",https://www.ebony.com/video/kenyon-dixon-reflects-on-grammy-nomination-rb-evolution-and-his-place-within-it/,www.ebony.com
Politics,https://www.ebony.com/category/culture/politics/,www.ebony.com
Vice President Kamala Harris’ Career is Proof of Her Iconic Dedication to the People,https://www.ebony.com/vice-president-kamala-harris-career-is-proof-of-her-iconic-dedication-to-the-people/,www.ebony.com
"Hannah Berner, Girl Bye, Meg We Got You Sis!",https://www.ebony.com/hannah-berner-girl-bye-meg-we-got-you-sis/,www.ebony.com
Getting New and Staying True,https://www.ebony.com/video/getting-new-and-staying-true/,www.ebony.com
USHER’s Groomer Drops ‘Confessions’ For His Certifiably Fly Grooming Routine,https://www.ebony.com/ushers-groomer-drops-confessions-for-his-certifiably-fly-grooming-routine/,www.ebony.com
premiere: natie finds power in vulnerability in the “hkht” video,https://afropunk.com/2020/03/premiere-natie-finds-power-in-vulnerability-in-the-hkht-video/,afropunk.com
hawa’s desire is pure (and deadly) in the “frick” video,https://afropunk.com/2020/03/hawas-desire-is-pure-and-deadly-in-the-frick-video/,afropunk.com
yves tumor & diana gordon set the world ablaze,https://afropunk.com/2020/03/yves-tumor-diana-gordon-kerosene/,afropunk.com
