Headline,Source
Home,"=HYPERLINK(""https://thegrio.com/"", ""Thegrio"")"
‘Adolescence’ co-creator addresses those suggesting the show is ‘anti-white propaganda’: ‘We’re not making a point about race’,"=HYPERLINK(""https://thegrio.com/"", ""Thegrio"")"
"No, Erykah Badu did not vandalize her Tesla: ‘This was humor. This [is] stupid.’","=HYPERLINK(""https://thegrio.com/"", ""Thegrio"")"
Former ‘Housewives’ star Candiace Dillard Bassett defends Kenya Moore following drama on latest episode of ‘Real Housewives of Atlanta’,"=HYPERLINK(""https://thegrio.com/"", ""Thegrio"")"
Oprah Winfrey opens up about her menopause experience in new special ‘The Menopause Revolution’,"=HYPERLINK(""https://thegrio.com/"", ""Thegrio"")"
Trending,"=HYPERLINK(""https://www.theroot.com/"", ""Theroot"")"
Watch,"=HYPERLINK(""https://www.theroot.com/"", ""Theroot"")"
Deals of the Day,"=HYPERLINK(""https://www.theroot.com/"", ""Theroot"")"
Entertainment,"=HYPERLINK(""https://www.theroot.com/"", ""Theroot"")"
Latest,"=HYPERLINK(""https://www.theroot.com/"", ""Theroot"")"
How Trump’s Anti-DEI Rhetoric Forced Rebranding Efforts For America’s Leading Companies,"=HYPERLINK(""https://www.blackenterprise.com/"", ""Blackenterprise"")"
O.J. Simpson’s Bible And Handwritten Note From Robert Kardashian Sell For Over $80K At Auction,"=HYPERLINK(""https://www.blackenterprise.com/"", ""Blackenterprise"")"
Flau’Jae Johnson Put Her Music And Podcasting Career On Pause During March Madness Tournament,"=HYPERLINK(""https://www.blackenterprise.com/"", ""Blackenterprise"")"
What Mississippi’s Income Tax Elimination Means For Black Residents And Businesses,"=HYPERLINK(""https://www.blackenterprise.com/"", ""Blackenterprise"")"
Atlanta Area Wellness Scene Celebrates Grand Opening Of Black Woman-Owned Medical Spa,"=HYPERLINK(""https://www.blackenterprise.com/"", ""Blackenterprise"")"
Main Menu,"=HYPERLINK(""https://www.huffpost.com/voices/black-voices"", ""Huffpost"")"
News,"=HYPERLINK(""https://www.huffpost.com/voices/black-voices"", ""Huffpost"")"
Politics,"=HYPERLINK(""https://www.huffpost.com/voices/black-voices"", ""Huffpost"")"
Opinion,"=HYPERLINK(""https://www.huffpost.com/voices/black-voices"", ""Huffpost"")"
Entertainment,"=HYPERLINK(""https://www.huffpost.com/voices/black-voices"", ""Huffpost"")"
Could Trump Stay In Power Or Run For A 3rd Term?,"=HYPERLINK(""https://newsone.com/"", ""Newsone"")"
Ye's Weird Obsession With KKK And Nazi Culture,"=HYPERLINK(""https://newsone.com/"", ""Newsone"")"
Voting Rights Groups Condemn Trump’s EO On Elections,"=HYPERLINK(""https://newsone.com/"", ""Newsone"")"
Altadena Artist Paints ‘Beauty For Ashes’ After Eaton Fire,"=HYPERLINK(""https://newsone.com/"", ""Newsone"")"
Donald Trump Is Destroying America As Democrats Post On Social Media,"=HYPERLINK(""https://newsone.com/"", ""Newsone"")"
Navigation,"=HYPERLINK(""https://andscape.com/"", ""Andscape"")"
Menu,"=HYPERLINK(""https://andscape.com/"", ""Andscape"")"
Aaliyah Crump’s McDonald’s journey rooted in giving back,"=HYPERLINK(""https://andscape.com/"", ""Andscape"")"
‘A super-tight bond’: Anthony Davis trying to make playoff push with Dallas Mavericks,"=HYPERLINK(""https://andscape.com/"", ""Andscape"")"
"Wendell Pierce on playing a villain on ‘Raising Kanan,’ a good guy on ‘The Wire’ and being a diehard Saints fan","=HYPERLINK(""https://andscape.com/"", ""Andscape"")"
Marine Le Pen’s guilty verdict is a ‘political earthquake’ but could boost far right,"=HYPERLINK(""https://www.semafor.com/"", ""Semafor"")"
"Trump administration deports more alleged gang members, avoiding Alien Enemies Act","=HYPERLINK(""https://www.semafor.com/"", ""Semafor"")"
"Trump administration deports more alleged gang members, avoiding Alien Enemies Act","=HYPERLINK(""https://www.semafor.com/"", ""Semafor"")"
Booker bids for a marathon anti-Trump speech,"=HYPERLINK(""https://www.semafor.com/"", ""Semafor"")"
Journalists consider briefing room sit-in as Trump clashes with White House press corps,"=HYPERLINK(""https://www.semafor.com/"", ""Semafor"")"
Trendingnow 🔥,"=HYPERLINK(""https://blavity.com/"", ""Blavity"")"
Get relevant content delivered to you once a week,"=HYPERLINK(""https://blavity.com/"", ""Blavity"")"
original shows,"=HYPERLINK(""https://blavity.com/"", ""Blavity"")"
Blavity Entertainment,"=HYPERLINK(""https://blavity.com/"", ""Blavity"")"
Get relevant content delivered to you once a week,"=HYPERLINK(""https://blavity.com/"", ""Blavity"")"
BREAKING,"=HYPERLINK(""https://www.forbes.com/"", ""Forbes"")"
DAILY COVER STORY,"=HYPERLINK(""https://www.forbes.com/"", ""Forbes"")"
Chipotle took over the world years ago. Here’s why its founder just now joins the Forbes list.,"=HYPERLINK(""https://www.forbes.com/"", ""Forbes"")"
How Truth Social And Crypto Helped Trump Double His Fortune In Just One Year,"=HYPERLINK(""https://www.forbes.com/"", ""Forbes"")"
Premium,"=HYPERLINK(""https://www.forbes.com/"", ""Forbes"")"
Financial Times Home,"=HYPERLINK(""https://www.ft.com/"", ""Ft"")"
TOP STORIES,"=HYPERLINK(""https://www.ft.com/"", ""Ft"")"
Latest from Monetary Policy Radar,"=HYPERLINK(""https://www.ft.com/"", ""Ft"")"
Spotlight,"=HYPERLINK(""https://www.ft.com/"", ""Ft"")"
News,"=HYPERLINK(""https://www.ft.com/"", ""Ft"")"
Sections,"=HYPERLINK(""https://www.nytimes.com/"", ""Nytimes"")"
Top Stories,"=HYPERLINK(""https://www.nytimes.com/"", ""Nytimes"")"
Newsletters,"=HYPERLINK(""https://www.nytimes.com/"", ""Nytimes"")"
Podcasts,"=HYPERLINK(""https://www.nytimes.com/"", ""Nytimes"")"
Bring your data up to AI speed,"=HYPERLINK(""https://www.ibm.com/us-en"", ""Ibm"")"
AI insights and tools,"=HYPERLINK(""https://www.ibm.com/us-en"", ""Ibm"")"
Technology & Consulting,"=HYPERLINK(""https://www.ibm.com/us-en"", ""Ibm"")"
Take the next step,"=HYPERLINK(""https://www.ibm.com/us-en"", ""Ibm"")"
Sexism and the 2024 U.S. presidential election,"=HYPERLINK(""https://myafricanmagazine.com/"", ""Myafricanmagazine"")"
Too Good and True: You Are Always Good to Go,"=HYPERLINK(""https://myafricanmagazine.com/"", ""Myafricanmagazine"")"
A call to suspend Rwanda from AGOA,"=HYPERLINK(""https://myafricanmagazine.com/"", ""Myafricanmagazine"")"
How one woman’s vision created a dining haven in Zanzibar,"=HYPERLINK(""https://myafricanmagazine.com/"", ""Myafricanmagazine"")"
"US trade wars with China, and how they play out in Africa","=HYPERLINK(""https://myafricanmagazine.com/"", ""Myafricanmagazine"")"
L.A. Times Studios,"=HYPERLINK(""https://www.latimes.com/"", ""Latimes"")"
Streaming Now,"=HYPERLINK(""https://www.latimes.com/"", ""Latimes"")"
Read today’s eNewspaper,"=HYPERLINK(""https://www.latimes.com/"", ""Latimes"")"
Top Stories,"=HYPERLINK(""https://www.latimes.com/"", ""Latimes"")"
Sales taxes will rise across L.A. County starting Tuesday. Here’s how it will affect you,"=HYPERLINK(""https://www.latimes.com/"", ""Latimes"")"
Navigation Menu,"=HYPERLINK(""https://github.com/"", ""Github"")"
"Search code, repositories, users, issues, pull requests...","=HYPERLINK(""https://github.com/"", ""Github"")"
Provide feedback,"=HYPERLINK(""https://github.com/"", ""Github"")"
Saved searches,"=HYPERLINK(""https://github.com/"", ""Github"")"
Use saved searches to filter your results more quickly,"=HYPERLINK(""https://github.com/"", ""Github"")"
Hold up! Access forbidden.,"=HYPERLINK(""https://gptbot.io/master-chatgpt-prompting-techniques-guide/#:~:text=I.%20Introduction"", ""Gptbot"")"
Guides.ai,"=HYPERLINK(""https://guides.ai/"", ""Guides"")"
ContrabandCamp,"=HYPERLINK(""https://www.contrabandcamp.com/"", ""Contrabandcamp"")"
The AI community building the future.,"=HYPERLINK(""https://huggingface.co/"", ""Huggingface"")"
Models,"=HYPERLINK(""https://huggingface.co/"", ""Huggingface"")"
Spaces,"=HYPERLINK(""https://huggingface.co/"", ""Huggingface"")"
Datasets,"=HYPERLINK(""https://huggingface.co/"", ""Huggingface"")"
The Home of Machine Learning,"=HYPERLINK(""https://huggingface.co/"", ""Huggingface"")"
